Nombre,apellido,email,contraseña ,Paid
Corny,Gresley,cgresley0@yandex.ru,a123,false
Nils,Lyenyng,nlyenyng1@bloglovin.com,b123,false
Jamima,Foord,jfoord2@flickr.com,c123,false
Wendall,Mitchinson,wmitchinson3@pinterest.com,d123,false
Godfree,Meates,gmeates4@mozilla.org,e123,true
Petra,Elrick,pelrick5@sohu.com,f123,true
Wilhelmine,Duesbury,wduesbury6@arizona.edu,g123,true
Lowrance,Robben,lrobben7@si.edu,h123,true
Merissa,London,mlondon8@upenn.edu,i123,false
Edy,Stubley,estubley9@walmart.com,j123,false
Delbert,MacNeish,dmacneisha@cbc.ca,boca,false
